genus,species,infrarank,infraspecies,symbol,stz,ind_stz,contract
Astragalus,lonchocarpus,,,ASLO3,Climate-matched species specific,"1,2,3,4",COPL
Bouteloua,gracilis,,,BOGR2,Climate-matched species specific,"5,8,10",COPL
Cleome,lutea,,,CLLU2,Landscape genetic,"1,2",COPL
Heliomeris,multiflora,,,HEMU3,Climate-matched species specific,"9,10",COPL
Machaeranthera,canescens,,,DICA18,Landscape genetic,"1,2",COPL
Machaeranthera,tanacetifolia,,,MATA2,Desert SW provisional,"1,2,3,4,8",COPL
Packera,multilobata,,,PAMU11,Desert SW provisional,"1,2,3,4,8",COPL
Pascopyrum,smithii,,,PASM,Desert SW provisional,"1,2,3,4",COPL
Pleuraphis,jamesii,,,PLJA,Landscape genetic,3,COPL
Sporobolus,cryptandrus,,,SPCR,Landscape genetic,2,COPL
Astragalus,lentiginosus,var. ,chartaceus,ASLEC,Desert SW provisional,"1,2,3,4,8",COPL
Aristida,purpurea,,,ARPU9,Desert SW provisional,"1,2,3,4,8",COPL
Chaenactis,douglasii,,,CHDO,Desert SW provisional,"1,2,3,4,8",COPL
Cleome,serrulata,,,CLSE,Desert SW provisional,"1,2,3,4,8",COPL
Cymopterus,bulbosus,,,CYBU,Desert SW provisional,"1,2,3,4,8",COPL
Cymopterus,purpureus,,,CYPU2,Desert SW provisional,"1,2,3,4,8",COPL
Eriogonum,cernuum,,,ERCE2,Desert SW provisional,"1,2,3,4,8",COPL
Eriogonum,fusiforme,,,ERFU3,Desert SW provisional,"1,2,3,4,8",COPL
Eriogonum,shockleyi,,,ERSH,Desert SW provisional,"1,2,3,4,8",COPL
Helianthus,annuus,,,HEAN3,Desert SW provisional,"1,2,3,4,8",COPL
Heliomeris,multiflora,,,HEMU3,Desert SW provisional,"1,2,3,4,8",COPL
Hesperostipa,comata,,,HECO26,Desert SW provisional,"1,2,3,4,8",COPL
Heterotheca,villosa,,,HEVI4,Desert SW provisional,"1,2,3,4,8",COPL
Lomatium,grayi,,,LOGR,Desert SW provisional,"1,2,3,4,8",COPL
Lomatium,dissectum,,,LODI,Desert SW provisional,"1,2,3,4,8",COPL
Machaeranthera,gracilis,,,MAGR10,Desert SW provisional,"1,2,3,4,8",COPL
Machaeranthera,pinnatifida,,,MAPI,Desert SW provisional,"1,2,3,4,8",COPL
Mentzelia,albicaulis,,,MEAL6,Desert SW provisional,"1,2,3,4,8",COPL
Mentzelia,multiflora,,,MEMU3,Desert SW provisional,"1,2,3,4,8",COPL
Penstemon,palmeri,,,PEPA8,Desert SW provisional,"1,2,3,4,8",COPL
Phacelia,crenulata,,,PHCR,Desert SW provisional,"1,2,3,4,8",COPL
Pseudoroegneria,spicata,,,PSSP6,Desert SW provisional,"1,2,3,4",COPL
Senecio,spartioides,,,SESP3,Desert SW provisional,"1,2,3,4,8",COPL
Sphaeralcea,coccinea,,,SPCO,Desert SW provisional,"1,2,3,4,8",COPL
Sporobolus,airoides,,,SPAI,Desert SW provisional,"1,2,3,4,8",COPL
Stanleya,pinnata,,,STPI,Desert SW provisional,"1,2,3,4,8",COPL
Thelesperma,megapotamicum,,,THME,Desert SW provisional,"1,2,3,4,8",COPL
Vulpia,octoflora,,,VUOC,Desert SW provisional,"1,2,3,4,8",COPL
Achnatherum,hymenoides,,,ACHY,Empirical,"M1H2L3,L1H2H3",COPL
Elymus,elymoides,,,ELEL5,Climate-matched species specific,"3,4",COPL
Koeleria,macrantha,,,KOMA,Climate-matched species specific,"1,2",COPL
Achnatherum,hymenoides,,,ACHY,Empirical,"L1L2H3, M1L2H3, M1H2H3",CEDAR CITY
Elymus,elymoides,,,ELEL5,BowerRevised,"15 - 20 Deg. F. / 3 - 6, 15 - 20 Deg. F. / 6 - 12, 10 - 15 Deg. F. / 6 - 12, 20 - 25 Deg. F. / 3 - 6, 20 - 25 Deg. F. / 6 - 12",CEDAR CITY
Hesperostipa,comata,,,HECO26,BowerRevised,"15 - 20 Deg. F. / 3 - 6, 15 - 20 Deg. F. / 6 - 12, 10 - 15 Deg. F. / 6 - 12, 20 - 25 Deg. F. / 3 - 6, 20 - 25 Deg. F. / 6 - 12",CEDAR CITY
Poa,secunda,,,POSE,Empirical,"M1L2L3M M1H2L3, L1H2L3, L1L2L3",CEDAR CITY
Chaenactis,douglasii,,,CHDO,BowerRevised,"15 - 20 Deg. F. / 3 - 6, 15 - 20 Deg. F. / 6 - 12, 10 - 15 Deg. F. / 6 - 12, 20 - 25 Deg. F. / 3 - 6, 20 - 25 Deg. F. / 6 - 12",CEDAR CITY
Machaeranthera,canescens,,,MACA2,BowerRevised,"15 - 20 Deg. F. / 3 - 6, 15 - 20 Deg. F. / 6 - 12, 10 - 15 Deg. F. / 6 - 12, 20 - 25 Deg. F. / 3 - 6, 20 - 25 Deg. F. / 6 - 12",CEDAR CITY
Phacelia,hastata,,,PHHA,BowerRevised,"15 - 20 Deg. F. / 3 - 6, 15 - 20 Deg. F. / 6 - 12, 10 - 15 Deg. F. / 6 - 12, 20 - 25 Deg. F. / 3 - 6, 20 - 25 Deg. F. / 6 - 12",CEDAR CITY
Agoseris,glauca,,,AGGL,BowerRevised,"15 - 20 Deg. F. / 3 - 6, 15 - 20 Deg. F. / 6 - 12, 10 - 15 Deg. F. / 6 - 12, 20 - 25 Deg. F. / 3 - 6, 20 - 25 Deg. F. / 6 - 12",CEDAR CITY
Asclepias,speciosa,,,ASSP,BowerRevised,"15 - 20 Deg. F. / 3 - 6, 15 - 20 Deg. F. / 6 - 12, 10 - 15 Deg. F. / 6 - 12, 20 - 25 Deg. F. / 3 - 6, 20 - 25 Deg. F. / 6 - 12",CEDAR CITY
Balsamorhiza,sagittata,,,BASA3,BowerRevised,"15 - 20 Deg. F. / 3 - 6, 15 - 20 Deg. F. / 6 - 12, 10 - 15 Deg. F. / 6 - 12, 20 - 25 Deg. F. / 3 - 6, 20 - 25 Deg. F. / 6 - 12",CEDAR CITY
Crepis,acuminata,,,CRAC2,BowerRevised,"15 - 20 Deg. F. / 3 - 6, 15 - 20 Deg. F. / 6 - 12, 10 - 15 Deg. F. / 6 - 12, 20 - 25 Deg. F. / 3 - 6, 20 - 25 Deg. F. / 6 - 12",CEDAR CITY
Eriogonum,ovalifolium,,,EROV,BowerRevised,"15 - 20 Deg. F. / 3 - 6, 15 - 20 Deg. F. / 6 - 12, 10 - 15 Deg. F. / 6 - 12, 20 - 25 Deg. F. / 3 - 6, 20 - 25 Deg. F. / 6 - 12",CEDAR CITY
Eriogonum,umbellatum,,,ERUM,BowerRevised,"15 - 20 Deg. F. / 3 - 6, 15 - 20 Deg. F. / 6 - 12, 10 - 15 Deg. F. / 6 - 12, 20 - 25 Deg. F. / 3 - 6, 20 - 25 Deg. F. / 6 - 12",CEDAR CITY
Lomatium,dissectum,,,LODI,BowerRevised,"15 - 20 Deg. F. / 3 - 6, 15 - 20 Deg. F. / 6 - 12, 10 - 15 Deg. F. / 6 - 12, 20 - 25 Deg. F. / 3 - 6, 20 - 25 Deg. F. / 6 - 12",CEDAR CITY
Lomatium,nudicaule,,,LONU2,BowerRevised,"15 - 20 Deg. F. / 3 - 6, 15 - 20 Deg. F. / 6 - 12, 10 - 15 Deg. F. / 6 - 12, 20 - 25 Deg. F. / 3 - 6, 20 - 25 Deg. F. / 6 - 12",CEDAR CITY
Sphaeralcea,grossulariifolia,,,SPGR,BowerRevised,"15 - 20 Deg. F. / 3 - 6, 15 - 20 Deg. F. / 6 - 12, 10 - 15 Deg. F. / 6 - 12, 20 - 25 Deg. F. / 3 - 6, 20 - 25 Deg. F. / 6 - 12",CEDAR CITY
Sphaeralcea,munroana,,,SPMU2,BowerRevised,"15 - 20 Deg. F. / 3 - 6, 15 - 20 Deg. F. / 6 - 12, 10 - 15 Deg. F. / 6 - 12, 20 - 25 Deg. F. / 3 - 6, 20 - 25 Deg. F. / 6 - 12",CEDAR CITY
Achnatherum,thurberianum,,,ACTH7,Empirical,"4, 8, 5",CEDAR CITY
Festuca,idahoensis,,,FEID,BowerRevised,"15 - 20 Deg. F. / 3 - 6, 15 - 20 Deg. F. / 6 - 12, 10 - 15 Deg. F. / 6 - 12, 20 - 25 Deg. F. / 3 - 6, 20 - 25 Deg. F. / 6 - 12",CEDAR CITY
Koeleria,macrantha,,,KOMA,BowerRevised,"15 - 20 Deg. F. / 3 - 6, 15 - 20 Deg. F. / 6 - 12, 10 - 15 Deg. F. / 6 - 12, 20 - 25 Deg. F. / 3 - 6, 20 - 25 Deg. F. / 6 - 12",CEDAR CITY
Pleuraphis,jamesii,,,PLJA,BowerRevised,"15 - 20 Deg. F. / 3 - 6, 15 - 20 Deg. F. / 6 - 12, 10 - 15 Deg. F. / 6 - 12, 20 - 25 Deg. F. / 3 - 6, 20 - 25 Deg. F. / 6 - 12",CEDAR CITY
Pseudoroegneria,spicata,,,PSSP6,Empirical,"3a, 4, 2a, 6a",CEDAR CITY
Sporobolus,cryptandrus,,,SPCR,BowerRevised,"15 - 20 Deg. F. / 3 - 6, 15 - 20 Deg. F. / 6 - 12, 10 - 15 Deg. F. / 6 - 12, 20 - 25 Deg. F. / 3 - 6, 20 - 25 Deg. F. / 6 - 12",CEDAR CITY
Achillea,millefolium,var.,occidentalis,ACMIO,BowerRevised,"15 - 20 Deg. F. / 3 - 6, 15 - 20 Deg. F. / 6 - 12, 10 - 15 Deg. F. / 6 - 12, 20 - 25 Deg. F. / 3 - 6, 20 - 25 Deg. F. / 6 - 12",CEDAR CITY
Agoseris,grandiflora,,,AGGR,BowerRevised,"15 - 20 Deg. F. / 3 - 6, 15 - 20 Deg. F. / 6 - 12, 10 - 15 Deg. F. / 6 - 12, 20 - 25 Deg. F. / 3 - 6, 20 - 25 Deg. F. / 6 - 12",CEDAR CITY
Asclepias,fascicularis,,,ASFA,BowerRevised,"15 - 20 Deg. F. / 3 - 6, 15 - 20 Deg. F. / 6 - 12, 10 - 15 Deg. F. / 6 - 12, 20 - 25 Deg. F. / 3 - 6, 20 - 25 Deg. F. / 6 - 12",CEDAR CITY
Astragalus,eremiticus,,,ASER4,BowerRevised,"15 - 20 Deg. F. / 3 - 6, 15 - 20 Deg. F. / 6 - 12, 10 - 15 Deg. F. / 6 - 12, 20 - 25 Deg. F. / 3 - 6, 20 - 25 Deg. F. / 6 - 12",CEDAR CITY
Astragalus,filipes,,,ASFI,BowerRevised,"15 - 20 Deg. F. / 3 - 6, 15 - 20 Deg. F. / 6 - 12, 10 - 15 Deg. F. / 6 - 12, 20 - 25 Deg. F. / 3 - 6, 20 - 25 Deg. F. / 6 - 12",CEDAR CITY
Balsamorhiza,hookeri,,,BAHO,BowerRevised,"15 - 20 Deg. F. / 3 - 6, 15 - 20 Deg. F. / 6 - 12, 10 - 15 Deg. F. / 6 - 12, 20 - 25 Deg. F. / 3 - 6, 20 - 25 Deg. F. / 6 - 12",CEDAR CITY
Cleome,lutea,,,CLLU2,BowerRevised,"15 - 20 Deg. F. / 3 - 6, 15 - 20 Deg. F. / 6 - 12, 10 - 15 Deg. F. / 6 - 12, 20 - 25 Deg. F. / 3 - 6, 20 - 25 Deg. F. / 6 - 12",CEDAR CITY
Cleome,serrulata,,,CLSE,BowerRevised,"15 - 20 Deg. F. / 3 - 6, 15 - 20 Deg. F. / 6 - 12, 10 - 15 Deg. F. / 6 - 12, 20 - 25 Deg. F. / 3 - 6, 20 - 25 Deg. F. / 6 - 12",CEDAR CITY
Crepis,occidentalis,,,CROC,BowerRevised,"15 - 20 Deg. F. / 3 - 6, 15 - 20 Deg. F. / 6 - 12, 10 - 15 Deg. F. / 6 - 12, 20 - 25 Deg. F. / 3 - 6, 20 - 25 Deg. F. / 6 - 12",CEDAR CITY
Dalea,ornata,,,DAOR2,BowerRevised,"15 - 20 Deg. F. / 3 - 6, 15 - 20 Deg. F. / 6 - 12, 10 - 15 Deg. F. / 6 - 12, 20 - 25 Deg. F. / 3 - 6, 20 - 25 Deg. F. / 6 - 12",CEDAR CITY
Dalea,searlsiae,,,DASE3,BowerRevised,"15 - 20 Deg. F. / 3 - 6, 15 - 20 Deg. F. / 6 - 12, 10 - 15 Deg. F. / 6 - 12, 20 - 25 Deg. F. / 3 - 6, 20 - 25 Deg. F. / 6 - 12",CEDAR CITY
Erigeron,bloomeri,,,ERBL,BowerRevised,"15 - 20 Deg. F. / 3 - 6, 15 - 20 Deg. F. / 6 - 12, 10 - 15 Deg. F. / 6 - 12, 20 - 25 Deg. F. / 3 - 6, 20 - 25 Deg. F. / 6 - 12",CEDAR CITY
Erigeron,linearis,,,ERLI,BowerRevised,"15 - 20 Deg. F. / 3 - 6, 15 - 20 Deg. F. / 6 - 12, 10 - 15 Deg. F. / 6 - 12, 20 - 25 Deg. F. / 3 - 6, 20 - 25 Deg. F. / 6 - 12",CEDAR CITY
Erigeron,pumilus,,,ERPU2,BowerRevised,"15 - 20 Deg. F. / 3 - 6, 15 - 20 Deg. F. / 6 - 12, 10 - 15 Deg. F. / 6 - 12, 20 - 25 Deg. F. / 3 - 6, 20 - 25 Deg. F. / 6 - 12",CEDAR CITY
Erigeron,speciosus,,,ERSP4,BowerRevised,"15 - 20 Deg. F. / 3 - 6, 15 - 20 Deg. F. / 6 - 12, 10 - 15 Deg. F. / 6 - 12, 20 - 25 Deg. F. / 3 - 6, 20 - 25 Deg. F. / 6 - 12",CEDAR CITY
Eriogonum,heracleoides,,,ERHE2,BowerRevised,"15 - 20 Deg. F. / 3 - 6, 15 - 20 Deg. F. / 6 - 12, 10 - 15 Deg. F. / 6 - 12, 20 - 25 Deg. F. / 3 - 6, 20 - 25 Deg. F. / 6 - 12",CEDAR CITY
Heliomeris,multiflora,,,HEMU3,BowerRevised,"15 - 20 Deg. F. / 3 - 6, 15 - 20 Deg. F. / 6 - 12, 10 - 15 Deg. F. / 6 - 12, 20 - 25 Deg. F. / 3 - 6, 20 - 25 Deg. F. / 6 - 12",CEDAR CITY
Lomatium,triternatum,,,LOTR2,BowerRevised,"15 - 20 Deg. F. / 3 - 6, 15 - 20 Deg. F. / 6 - 12, 10 - 15 Deg. F. / 6 - 12, 20 - 25 Deg. F. / 3 - 6, 20 - 25 Deg. F. / 6 - 12",CEDAR CITY
Penstemon,acuminatus,,,PEAC,BowerRevised,"15 - 20 Deg. F. / 3 - 6, 15 - 20 Deg. F. / 6 - 12, 10 - 15 Deg. F. / 6 - 12, 20 - 25 Deg. F. / 3 - 6, 20 - 25 Deg. F. / 6 - 12",CEDAR CITY
Penstemon,deustus,,,PEDE4,BowerRevised,"15 - 20 Deg. F. / 3 - 6, 15 - 20 Deg. F. / 6 - 12, 10 - 15 Deg. F. / 6 - 12, 20 - 25 Deg. F. / 3 - 6, 20 - 25 Deg. F. / 6 - 12",CEDAR CITY
Penstemon,eatonii,,,PEEA,BowerRevised,"15 - 20 Deg. F. / 3 - 6, 15 - 20 Deg. F. / 6 - 12, 10 - 15 Deg. F. / 6 - 12, 20 - 25 Deg. F. / 3 - 6, 20 - 25 Deg. F. / 6 - 12",CEDAR CITY
Penstemon,pachyphyllus,,,PEPA6,BowerRevised,"15 - 20 Deg. F. / 3 - 6, 15 - 20 Deg. F. / 6 - 12, 10 - 15 Deg. F. / 6 - 12, 20 - 25 Deg. F. / 3 - 6, 20 - 25 Deg. F. / 6 - 12",CEDAR CITY
Penstemon,palmeri,,,PEPA8,BowerRevised,"15 - 20 Deg. F. / 3 - 6, 15 - 20 Deg. F. / 6 - 12, 10 - 15 Deg. F. / 6 - 12, 20 - 25 Deg. F. / 3 - 6, 20 - 25 Deg. F. / 6 - 12",CEDAR CITY
Penstemon,speciosus,,,PESP,BowerRevised,"15 - 20 Deg. F. / 3 - 6, 15 - 20 Deg. F. / 6 - 12, 10 - 15 Deg. F. / 6 - 12, 20 - 25 Deg. F. / 3 - 6, 20 - 25 Deg. F. / 6 - 12",CEDAR CITY
Sphaeralcea,ambigua,,,SPAM2,BowerRevised,"15 - 20 Deg. F. / 3 - 6, 15 - 20 Deg. F. / 6 - 12, 10 - 15 Deg. F. / 6 - 12, 20 - 25 Deg. F. / 3 - 6, 20 - 25 Deg. F. / 6 - 12",CEDAR CITY
Sphaeralcea,coccinea,,,SPCO,BowerRevised,"15 - 20 Deg. F. / 3 - 6, 15 - 20 Deg. F. / 6 - 12, 10 - 15 Deg. F. / 6 - 12, 20 - 25 Deg. F. / 3 - 6, 20 - 25 Deg. F. / 6 - 12",CEDAR CITY
Collinsia,grandiflora,,,COGR2,BowerRevised,35 - 40 Deg. F. / 2 - 3,UKIAH
Collinsia,heterophylla,,,COHE,BowerRevised,35 - 40 Deg. F. / 2 - 3,UKIAH
Anaphalis,margaritacea,,,ANMA,BowerRevised,35 - 40 Deg. F. / 2 - 3,UKIAH
Asclepias,cordifolia,,,ASCO,BowerRevised,any,UKIAH
Asclepias,eriocarpa,,,ASER,BowerRevised,any,UKIAH
Asclepias,fascicularis,,,ASFA,BowerRevised,any,UKIAH
Asclepias,solanoana,,,ASSO,BowerRevised,any,UKIAH
Asclepias,speciosa,,,ASSP,BowerRevised,any,UKIAH
Dudleya,cymosa,ssp.,cymosa,DUCY,BowerRevised,any,UKIAH
Dudleya,farinosa,,,DUFA,BowerRevised,any,UKIAH
Grindelia,stricta,,,GRST3,BowerRevised,40 - 45 Deg. F. / 2 - 3,UKIAH
Lomatium,macrocarpum,,,LOMA3,BowerRevised,35 - 40 Deg. F. / 2 - 3,UKIAH
Symphyotrichum,chilense,,,SYCH4,BowerRevised,40 - 45 Deg. F. / 2 - 3,UKIAH
Danthonia,californica,,,DACA3,BowerRevised,"35 - 40 Deg. F. / 2 - 3, 40 - 45 Deg. F. / 2 - 3",UKIAH
Deschampsia,cespitosa,,,DECE,BowerRevised,40 - 45 Deg. F. / 2 - 3,UKIAH
Eleocharis,macrostachya,,,ELMA5,BowerRevised,35 - 40 Deg. F. / 2 - 3,UKIAH
Elymus,multisetus,,,ELMU3,BowerRevised,35 - 40 Deg. F. / 2 - 3,UKIAH
Pickeringia,montana,,,PIMO5,BowerRevised,35 - 40 Deg. F. / 2 - 3,UKIAH
Bromus,sitchensis,,,BRSI,BowerRevised,40 - 45 Deg. F. / 2 - 3,UKIAH
Baccharis,pilularis,,,BAPI,BowerRevised,40 - 45 Deg. F. / 2 - 3,UKIAH
Calamagrostis,nutkaensis,,,CANU,BowerRevised,40 - 45 Deg. F. / 2 - 3,UKIAH
Cercis,occidentalis,,,CEOC3,BowerRevised,40 - 45 Deg. F. / 2 - 3,UKIAH
Eriogonum,latifolium,,,ERLA5,BowerRevised,40 - 45 Deg. F. / 2 - 3,UKIAH
Lupinus,arboreus,,,LUAR,BowerRevised,40 - 45 Deg. F. / 2 - 3,UKIAH
Clarkia,purpurea,,,CLPU2,BowerRevised,"30 - 35 Deg. F. / 3 - 6, 35 - 40 Deg. F. / < 2,  35 - 40 Deg. F. / 3 - 6",REDDING
Clarkia,rhomboidea,,,CLRH,BowerRevised,"25 - 30 Deg. F. / 2 - 3, 30 - 35 Deg. F. / 2 - 3,  35 - 40 Deg. F. / < 2,  35 - 40 Deg. F.  / 3 - 6 ",REDDING
Helianthus,annuus,,,HEAN3,BowerRevised,35 - 40 Deg. F. / 3 - 6,REDDING
Madia,elegans,,,MAEL,BowerRevised,"30 - 35 Deg. F. / 2 - 3, 30 - 35 Deg. F. / 3 - 6,  35 - 40 Deg. F. / < 2,  35 - 40 Deg. F. / 3 - 6 ",REDDING
Madia,gracilis,,,MAGR3,BowerRevised,"30 - 35 Deg. F. / 2 - 3, 30 - 35 Deg. F. / 3 - 6,  35 - 40 Deg. F. / < 2,  35 - 40 Deg. F. / 3 - 6 ",REDDING
Deschampsia,danthonioides,,,DEDA,BowerRevised,"30 - 35 Deg. F. / 2 - 3, 35 - 40 Deg. F. / 3 - 6 ",REDDING
Vulpia,microstachys,,,VUMI,BowerRevised,"25 - 30 Deg. F. / 2 - 3, 30 - 35 Deg. F. / < 2,  30 - 35 Deg. F. / 2 - 3,  30 - 35 Deg. F. / 3 - 6,  35 - 40 Deg. F. / 3 - 6,  35 - 40 Deg. F. / 3 - 6",REDDING
Lupinus,bicolor,,,LUBI,BowerRevised,"25 - 30 Deg. F. / 2 - 3,  30 - 35 Deg. F. / 2 - 3,  30 - 35 Deg. F. / 3 - 6,  35 - 40 Deg. F.  / 3 - 6 ",REDDING
Achillea,millefolium,,,ACMI2,BowerRevised,"25 - 30 Deg. F. / 3 - 6,  30 - 35 Deg. F. / < 2,  35 - 40 Deg. F. / 3 - 6 ",REDDING
Artemisia,douglasiana,,,ARDO3,BowerRevised,35 - 40 Deg. F. / 3 - 6,REDDING
Asclepias,fascicularis,,,ASFA,BowerRevised,"30 - 35 Deg. F. / 2 - 3,  30 - 35 Deg. F. / 3 - 6,  35 - 40 Deg. F.  / 3 - 6",REDDING
Asclepias,speciosa,,,ASSP,BowerRevised,"30 - 35 Deg. F. / 3 - 6,  35 - 40 Deg. F.  / 3 - 6",REDDING
Asclepias,cordifolia,,,ASCO,BowerRevised,"25 - 30 Deg. F. / 2 - 3,  30 - 35 Deg. F. / 2 - 3,  35 - 40 Deg. F. / 3 - 6 ",REDDING
Asclepias,eriocarpa,,,ASER,BowerRevised,"25 - 30 Deg. F. / 2 - 3,  30 - 35 Deg. F. / 2 - 3,  35 - 40 Deg. F. / 3 - 6 ",REDDING
Dudleya,cymosa,,,DUCY,BowerRevised,any,REDDING
Eriophyllum,lanatum,,,ERLA6,BowerRevised,"25 - 30 Deg. F. / 2 - 3,  30 - 35 Deg. F. / < 2,  30 - 35 Deg. F. / 2 - 3,  30 - 35 Deg. F. / 3 - 6, 35 - 40 Deg. F. / 2 - 3,  35 - 40 Deg. F. / 3 - 6 ",REDDING
Solidago,velutina,,,SOVE6,BowerRevised,"30 - 35 Deg. F. / 3 - 6,  35 - 40 Deg. F.  3 - 6,  35 - 40 Deg. F. / 2 - 3",REDDING
Grindelia,camporum,,,GRCA,BowerRevised,"35 - 40 Deg. F. / 3 - 6,  35 - 40 Deg. F.  / 3 - 6 ",REDDING
Mentzelia,laevicaulis,,,MELA2,BowerRevised,"35 - 40 Deg. F. / 3 - 6,  35 - 40 Deg. F.  / 3 - 6 ",REDDING
Urtica,dioica,,,URDI,BowerRevised,35 - 40 Deg. F. / 3 - 6,REDDING
Achnatherum,lemmonii,,,ACLE8,BowerRevised,"25 - 30 Deg. F. / 2 - 3,  30 - 35 Deg. F. / 2 -3,  35 - 40 Deg. F. / 3 - 6 ",REDDING
Bromus,carinatus,,,BRCA5,BowerRevised,"25 - 30 Deg. F. / 2 - 3,  30 - 35 Deg. F. / 2 - 3,  35 - 40 Deg. F. / 2 - 3,  35 - 40 Deg. F. / 3 - 6",REDDING
Elymus,elymoides,,,ELEL5,BowerRevised,35 - 40 Deg. F. / 3 - 6,REDDING
Elymus,glaucus,,,ELGL,BowerRevised,"30 - 35 Deg. F. / 2 - 3,  30 - 35 Deg. F. / 3 - 6,  35 - 40 Deg. F. / 3 - 6 ",REDDING
Muhlenbergia,rigens,,,MURI2,BowerRevised,35 - 40 Deg. F. / 3 - 6,REDDING
Poa,secunda,,,POSE,BowerRevised,"25 - 30 Deg. F. / 2 - 3,  30 - 35 Deg. F. / < 2,  30 - 35 Deg. F. / 2 - 3,  30 - 35 Deg. F. / 3 - 6,  35 - 40 Deg. F. 3 / 3 - 6,  35 - 40 Deg. F.  / 3 - 6",REDDING
Aristolochia,californica,,,ARCA10,BowerRevised,"35 - 40 Deg. F. / < 2,  35 - 40 Deg. F. / 2 - 3,  35 - 40 Deg. F. / 3 - 6 ",REDDING
Baccharis,pilularis,,,BAPI,BowerRevised,35 - 40 Deg. F. / 3 - 6,REDDING
Baccharis,salicifolia,,,BASA4,BowerRevised,35 - 40 Deg. F. / 3 - 6,REDDING
Cercis,occidentalis,,,CEOC3,BowerRevised,"25 - 30 Deg. F. / 2 - 3,  30 - 35 Deg. F. / < 2,  30 - 35 Deg. F. / 2 - 3,  30 - 35 Deg. F. / 3 - 6,  35 - 40 Deg. F. / < 2,  35 - 40 Deg. F. / 2 - 3,  35 - 40 Deg. F. / 3 - 6",REDDING
Clematis,ligusticifolia,,,CLLI2,BowerRevised,"30 - 35 Deg. F. / 2 - 3,  30 - 35 Deg. F. / 3 - 6,  35 - 40 Deg. F.  / 3 - 6",REDDING
Rhamnus,californica,,,RHCA,BowerRevised,"35 - 40 Deg. F. / < 2,  35 - 40 Deg. F.  / 3 - 6 ",REDDING
Rosa,californica,,,ROCA2,BowerRevised,"35 - 40 Deg. F. / 2 – 3,  35 - 40 Deg. F.  / 3 - 6 ",REDDING
Rubus,ursinus,,,RUUR,BowerRevised,"30 - 35 Deg. F. / 3 - 6, 35 - 40 Deg. F. / < 2,  35 - 40 Deg. F. / 3 - 6 ",REDDING
Sambucus,mexicana,,,SAME5,BowerRevised,35 - 40 Deg. F. / 3 - 6,REDDING
Acer,negundo,,,ACNE2,BowerRevised,35 - 40 Deg. F. / 3 - 6,REDDING
Fraxinus,latifolia,,,FRLA,BowerRevised,"30 - 35 Deg. F. / 3 - 6, 35 - 40 Deg. F. / 2 - 3,  35 - 40 Deg. F. / 3 - 6",REDDING
Platanus,racemosa,,,PLRA,BowerRevised,35 - 40 Deg. F. / 3 - 6,REDDING
Nassella,pulchra,,,NAPU4,BowerRevised,35 - 40 Deg. F. / 3 - 6,REDDING
Leymus,triticoides,,,LETR5,BowerRevised,"30 - 35 Deg. F. / 3 - 6,  35 - 40 Deg. F. / 3 - 6",REDDING
Hordeum,brachyantherum,,,HOBR2,BowerRevised,35 - 40 Deg. F. / 3 - 6,REDDING
Cleome,lutea,,,CLLU2,BowerRevised,any,NE CALIFORNIA
Phacelia,linearis,,,PHLI,BowerRevised,"15 - 20 Deg. F. / 6 - 12,  20 - 25 Deg. F. / 6 - 12",NE CALIFORNIA
Agoseris,glauca,,,AGGL,BowerRevised,any,NE CALIFORNIA
Agoseris,parviflora,,,AGPA14,BowerRevised,"15 - 20 Deg. F. / 6 - 12,  20 - 25 Deg. F. / 6 - 12",NE CALIFORNIA
Asclepias,speciosa,,,ASSP,BowerRevised,any,NE CALIFORNIA
Asclepias,fascicularis,,,ASFA,BowerRevised,any,NE CALIFORNIA
Asclepias,cordifolia,,,ASCO,BowerRevised,any,NE CALIFORNIA
Astragalus,filipes,,,ASFI,BowerRevised,"15 - 20 Deg. F. / 6 - 12,  20 - 25 Deg. F. / 6 - 12",NE CALIFORNIA
Astragalus,whitneyi,,,ASWH,BowerRevised,"15 - 20 Deg. F. / 6 - 12,  20 - 25 Deg. F. / 6 - 12",NE CALIFORNIA
Balsamorhiza,hookeri,,,BAHO,BowerRevised,"15 - 20 Deg. F. / 6 - 12,  20 - 25 Deg. F. / 6 - 12",NE CALIFORNIA
Balsamorhiza,sagitatta,,,BASA3,BowerRevised,"15 - 20 Deg. F. / 6 - 12,  20 - 25 Deg. F. / 6 - 12",NE CALIFORNIA
Balsamorhiza,serrata,,,BASE2,BowerRevised,"15 - 20 Deg. F. / 6 - 12,  20 - 25 Deg. F. / 6 - 12",NE CALIFORNIA
Crepis,acuminata,,,CROC,BowerRevised,"15 - 20 Deg. F. / 6 - 12,  20 - 25 Deg. F. / 6 - 12",NE CALIFORNIA
Crepis,occidentalis,,,CRAC2,BowerRevised,"15 - 20 Deg. F. / 6 - 12,  20 - 25 Deg. F. / 6 - 12",NE CALIFORNIA
Eriogonum,ovalifolium,,,EROV,BowerRevised,"15 - 20 Deg. F. / 6 - 12,  20 - 25 Deg. F. / 6 - 12",NE CALIFORNIA
Eriogonum,strictum,,,ERST4,BowerRevised,any,NE CALIFORNIA
Eriophyllum,lanatum,,,ERLA6,BowerRevised,"15 - 20 Deg. F. / 6 - 12,  20 - 25 Deg. F. / 6 - 12",NE CALIFORNIA
Erythranthe,guttata,,,MIGU,BowerRevised,any,NE CALIFORNIA
Lomatium,nevadense,,,LONE,BowerRevised,any,NE CALIFORNIA
Lomatium,nudicaule,,,LONU2,BowerRevised,"15 - 20 Deg. F. / 6 - 12,  20 - 25 Deg. F. / 6 - 12",NE CALIFORNIA
Lomatium,triternatum,,,LOTR2,BowerRevised,"15 - 20 Deg. F. / 6 - 12,  20 - 25 Deg. F. / 6 - 12",NE CALIFORNIA
Phacelia,hastata,,,PHHA,BowerRevised,"15 - 20 Deg. F. / 6 - 12,  20 - 25 Deg. F. / 6 - 12",NE CALIFORNIA
Phacelia,heterophylla,,,PHHE2,BowerRevised,"15 - 20 Deg. F. / 6 - 12,  20 - 25 Deg. F. / 6 - 12",NE CALIFORNIA
Senecio,integerrimus,,,SEIN2,BowerRevised,"15 - 20 Deg. F. / 6 - 12,  20 - 25 Deg. F. / 6 - 12",NE CALIFORNIA
Achnatherum,hymenoides,,,ACHY,BowerRevised,any,NE CALIFORNIA
Achnatherum,occidentale,,,ACOC3,BowerRevised,any,NE CALIFORNIA
Achnatherum,thurberianum,,,ACHT7,Empirical,"2, 5, 8",NE CALIFORNIA
Carex,nebrascensis,,,CANE2,BowerRevised,any,NE CALIFORNIA
Distichlis,spicata,,,DISP,BowerRevised,any,NE CALIFORNIA
Elymus,elymoides,,,ELEL5,Empirical,"5, 6, 7, 8, 10",NE CALIFORNIA
Festuca,idahoensis,,,FEID,BowerRevised,any,NE CALIFORNIA
Koeleria,macrantha,,,KOMA,BowerRevised,any,NE CALIFORNIA
Leymus,cinereus,,,LECI4,Empirical,"3, 9",NE CALIFORNIA
Poa,secunda,,,POSE,Empirical,"M1L2L3, M1H2L3, L1L2L3",NE CALIFORNIA
Pseudoroegneria,spicata,,,PSSP6,Empirical,"1, 3a, 4, 6a, 7b, 5",NE CALIFORNIA
Atriplex,canescens,,,ATCA2,BowerRevised,"15 - 20 Deg. F. / 6 - 12,  20 - 25 Deg. F. / 6 - 12",NE CALIFORNIA
Atriplex,confertifolia,,,ATCO,BowerRevised,"15 - 20 Deg. F. / 6 - 12,  20 - 25 Deg. F. / 6 - 12",NE CALIFORNIA
Cercocarpus,ledifolius,,,CELE3,BowerRevised,NOT 25 Deg. F. / 3 – 6,NE CALIFORNIA
Eriogonum,umbellatum,,,ERUM,BowerRevised,"15 - 20 Deg. F. / 6 - 12,  20 - 25 Deg. F. / 6 - 12",NE CALIFORNIA
Purshia,tridentata,,,PUTR2,BowerRevised,"15 - 20 Deg. F. / 6 - 12,  20 - 25 Deg. F. / 6 - 12",NE CALIFORNIA
Fraxinus,latifolia,,,FRLA,BowerRevised,any,NE CALIFORNIA
Eriogonum,microthecum,,,ERMI4,BowerRevised,any,NE CALIFORNIA
Perideridia,bolanderi,,,PEBO2,BowerRevised,any,NE CALIFORNIA
Achnatherum,hymenoides,,,ACHY,Empirical,"M1L2H3, L1L2H3",BISHOP
Achnatherum,hymenoides,,,ACHY,BowerRevised,"15 - 20 Deg. F. / 6 - 12,  20 - 25 Deg. F. / 6 - 12",BISHOP
Achnatherum,occidentale,,,ACOC3,BowerRevised,any,BISHOP
Achnatherum,speciosum,,,ACSP12,BowerRevised,any,BISHOP
Achnatherum,thurberianum,,,ACHT7,BowerRevised,any,BISHOP
Elymus,elymoides,,,ELEL5,Empirical,"2, 5, 7, 10",BISHOP
Hesperostipa,comata,,,HECO26,BowerRevised,any,BISHOP
Koeleria,macrantha,,,KOMA,BowerRevised,any,BISHOP
Leymus,cinereus,,,LECI4,Empirical,"2, 5, ",BISHOP
Poa,secunda,,,POSE,Empirical,"L1L2L3, M1L2L3",BISHOP
Acamptopappus,sphaerocephalus,,,ACSP,BowerRevised,any,BISHOP
Ambrosia,dumosa,,,AMDU2,BowerRevised,any,BISHOP
Artemisia,tridentata,ssp.,tridentata,ARTRT,BowerRevised,any,BISHOP
Artemisia,tridentata,ssp.,vaseyana,ARTRV,BowerRevised,any,BISHOP
Atriplex,canescens,,,ATCA2,BowerRevised,any,BISHOP
Atriplex,confertifolia,,,ATCO,BowerRevised,any,BISHOP
Atriplex,parryi,,,ATPA3,BowerRevised,any,BISHOP
Atriplex,polycarpa,,,ATPO,BowerRevised,any,BISHOP
Encelia,actoni,,,ENAC,BowerRevised,any,BISHOP
Ericameria,cooperi,,,ERCO23,BowerRevised,any,BISHOP
Ericameria,teretifolia,,,ERTE18,BowerRevised,any,BISHOP
Eriogonum,umbellatum,,,ERUM,BowerRevised,any,BISHOP
Purshia,tridentata,,,PUTR2,BowerRevised,"15 - 20 Deg. F. / 6 - 12,  20 - 25 Deg. F. / 6 - 12",BISHOP
Agoseris,glauca,,,AGGL,BowerRevised,any,BISHOP
Agoseris,parviflora,,,AGPA14,BowerRevised,any,BISHOP
Apocynum,cannabinum,,,APCA,BowerRevised,any,BISHOP
Asclepias,cryptoceras,,,ASCR,BowerRevised,any,BISHOP
Asclepias,fascicularis,,,ASFA,BowerRevised,any,BISHOP
Asclepias,speciosa,,,ASSP,BowerRevised,any,BISHOP
Astragalus,iodanthus,,,ASIO,BowerRevised,any,BISHOP
Astragalus,whitneyi,,,ASWH,BowerRevised,any,BISHOP
Balsamorhiza,sagitatta,,,BASA3,BowerRevised,any,BISHOP
Cirsium,mohavense,,,CIMO,BowerRevised,any,BISHOP
Cirsium,occidentale,,,CIOC,BowerRevised,any,BISHOP
Crepis,occidentalis,,,CROC,BowerRevised,any,BISHOP
Cryptantha,flavoculata,,,CRFL6,BowerRevised,any,BISHOP
Dieteria,canescens,,,DICA18,BowerRevised,any,BISHOP
Erigeron,aphanactis,,,ERAP,BowerRevised,any,BISHOP
Erigeron,breweri,,,ERBR4,BowerRevised,any,BISHOP
Eriogonum,ovalifolium,,,EROV,BowerRevised,any,BISHOP
Eriophyllum,lanatum,,,ERLA6,BowerRevised,any,BISHOP
Ionactis,alpina,,,IOAL,BowerRevised,any,BISHOP
Lomatium,dissectum,,,LODI,BowerRevised,any,BISHOP
Lomatium,nevadense,var.,nevadense,LONEN,BowerRevised,any,BISHOP
Lupinus,argenteus,,,LUAR3,BowerRevised,any,BISHOP
Packera,multilobata,,,PAMU11,BowerRevised,any,BISHOP
Penstemon,speciosus,,,PESP,BowerRevised,any,BISHOP
Phacelia,heterophylla,,,PHHA,BowerRevised,any,BISHOP
Pleiacanthus,spinosus,,,PLSP7,BowerRevised,any,BISHOP
Senecio,integerrimus,,,SEIN2,BowerRevised,any,BISHOP
Stenotus,acaulis,,,STAC,BowerRevised,any,BISHOP
Anisocoma,acaulis,,,ANAC,BowerRevised,any,BISHOP
Calycoseris,parryi,,,CAPA7,BowerRevised,any,BISHOP
Chaenactis,fremontii,,,CHFR,BowerRevised,any,BISHOP
Chaenactis,douglasii,,,CHDO,BowerRevised,any,BISHOP
Chaenactis,stevioides,,,CHST,BowerRevised,any,BISHOP
Chaenactis,xantiana,,,CHXA,BowerRevised,any,BISHOP
Eriophyllum,wallacei,,,ERWA7,BowerRevised,any,BISHOP
Layia,glandulosa,,,LAGL5,BowerRevised,any,BISHOP
Malacothrix,glabrata,,,MAGL3,BowerRevised,any,BISHOP
Phlox,stansburyi,,,PHST11,BowerRevised,any,BISHOP
Syntrichopappus,fremontii,,,SYFR,BowerRevised,any,BISHOP
Lupinus,flavoculatus,,,LUFL,BowerRevised,any,BISHOP
Stephanomeria,exigua,ssp.,exigua,STEXE,BowerRevised,any,BISHOP
Stephanomeria,exigua,ssp.,coronaria,STEXC3,BowerRevised,any,BISHOP
Stephanomeria,parryi,,,STPA3,BowerRevised,any,BISHOP
Stephanomeria,pauciflora,,,STPA4,BowerRevised,any,BISHOP
Amsinckia,tessellata,,,AMTE3,BowerRevised,any,BISHOP
Cryptantha,micrantha,,,CRMI,BowerRevised,any,BISHOP
Cryptantha,pterocarya,,,CRPT,BowerRevised,any,BISHOP
Lupinus,odoratus,,,LUOD,BowerRevised,any,BISHOP
Phacelia,bicolor,var.,bicolor,PHBIB2,BowerRevised,any,BISHOP
Phacelia,distans,,,PHDI,BowerRevised,any,BISHOP
Phacelia,fremontii,,,PHFR2,BowerRevised,any,BISHOP
Phacelia,humilis,,,PHU2,BowerRevised,any,BISHOP
Erigeron,divergens,,,ERDI4,BowerRevised,any,BISHOP
Penstemon,incertus,,,PEIN3,BowerRevised,any,BISHOP
Stanleya,pinnata,var.,pinnata,STPIP,BowerRevised,any,BISHOP
Fraxinus,velutina,,,FRVE2,BowerRevised,any,BISHOP
Achillea,millefolium,,,ACMI2,BowerRevised,any,COSUMNES
Acmispon,americanus,,,LOUNU,BowerRevised,any,COSUMNES
Alisma,triviale,,,ALTR7,BowerRevised,any,COSUMNES
Ambrosia,psilostachya,,,AMPS,BowerRevised,any,COSUMNES
Amsinckia,menziesii,,,ANME,BowerRevised,any,COSUMNES
Aristolochia,californica,,,ARCA10,BowerRevised,any,COSUMNES
Artemisia,douglasiana,,,ARDO3,BowerRevised,any,COSUMNES
Asclepias,fascicularis,,,ASFA,BowerRevised,any,COSUMNES
Baccharis,pilularis,,,BAPI,BowerRevised,any,COSUMNES
Bidens,frondosa,,,BIFR,BowerRevised,any,COSUMNES
Brodiaea,elegans,,,BREL,BowerRevised,any,COSUMNES
Calandrinia,menziesii,,,CACI2,BowerRevised,any,COSUMNES
Centromadia,fitchii,,,CEFI2,BowerRevised,any,COSUMNES
Centromadia,pungens,,,CEPU14,BowerRevised,any,COSUMNES
Cephalanthus,occidentalis,,,CEOC2,BowerRevised,any,COSUMNES
Claytonia,perfoliata,,,CLPE,BowerRevised,any,COSUMNES
Clematis,ligusticifolia,,,CLLI2,BowerRevised,any,COSUMNES
Croton,setiger,,,CRSE11,BowerRevised,any,COSUMNES
Epilobium,brachycarpum,,,EPBR3,BowerRevised,any,COSUMNES
Epilobium,ciliatum,,,EPCI,BowerRevised,any,COSUMNES
Epilobium,densiflorum,,,EPDE4,BowerRevised,any,COSUMNES
Erigeron,canadensis,,,ERCA20,BowerRevised,any,COSUMNES
Eryngium,aristulatum,,,ERAR11,BowerRevised,any,COSUMNES
Erythranthe,guttata,,,MIGU,BowerRevised,any,COSUMNES
Euthamia,occidentalis,,,EUOC4,BowerRevised,any,COSUMNES
Galium,aparine,,,GAAP2,BowerRevised,any,COSUMNES
Glycyrrhiza,lepidota,,,GLLE3,BowerRevised,any,COSUMNES
Grindelia,camporum,,,GRCA,BowerRevised,any,COSUMNES
Helenium,puberulum,,,HEPU2,BowerRevised,any,COSUMNES
Helianthus,annuus,,,HEAN3,BowerRevised,any,COSUMNES
Hemizonia,congesta,,,HECO7,BowerRevised,any,COSUMNES
Heterotheca,grandiflora,,,HEGR7,BowerRevised,any,COSUMNES
Madia,elegans,,,MAEL,BowerRevised,any,COSUMNES
Malvella,leprosa,,,MALE3,BowerRevised,any,COSUMNES
Mentha,canadensis,,,MECA7,BowerRevised,any,COSUMNES
Persicaria,amphibia,,,PEAM8,BowerRevised,any,COSUMNES
Persicaria,lapathifolia,,,PELA22,BowerRevised,any,COSUMNES
Phyla,nodiflora,,,PHNO2,BowerRevised,any,COSUMNES
Ranunculus,californicus,,,RACA2,BowerRevised,any,COSUMNES
Rosa,californica,,,ROCA2,BowerRevised,any,COSUMNES
Rubus,ursinus,,,RUUR,BowerRevised,any,COSUMNES
Rumex,salicifolius,,,RUSA,BowerRevised,any,COSUMNES
Sagittaria,latifolia,,,SALA2,BowerRevised,any,COSUMNES
Sisyrinchium,bellum,,,SIBE,BowerRevised,any,COSUMNES
Solanum,americanum,,,SOAM,BowerRevised,any,COSUMNES
Symphyotrichum,subulatum,,,SYSU5,BowerRevised,any,COSUMNES
Triteleia,hyacinthina,,,TRHY3,BowerRevised,any,COSUMNES
Triteleia,laxa,,,PRLA16,BowerRevised,any,COSUMNES
Wyethia,angustifolia,,,WYAN,BowerRevised,any,COSUMNES
Adenostoma,fasciculatum,,,ADFA,BowerRevised,40 - 45 Deg. F. / > 30,EL CENTRO
Adenostoma,sparsifolium,,,ADSP,BowerRevised,40 - 45 Deg. F. / > 30,EL CENTRO
Ambrosia,dumosa,,,AMDU2,BowerRevised,40 - 45 Deg. F. / > 30,EL CENTRO
Amsinckia,menziesii,var.,intermedia,AMME,BowerRevised,40 - 45 Deg. F. / > 30,EL CENTRO
Antirrhinum,coulterianum,,,ANCO4,BowerRevised,30 - 35 Deg. F. / 3 - 6,EL CENTRO
Arctostaphylos,glauca,,,ARGL4,BowerRevised,30 - 35 Deg. F. / 3 - 6,EL CENTRO
Artemisia,tridentata,,,ARTR,BowerRevised,30 - 35 Deg. F. / 3 - 6,EL CENTRO
Asclepias,albicans,,,ASAL,BowerRevised,40 - 45 Deg. F. / > 30,EL CENTRO
Asclepias,erosa,,,ASER2,BowerRevised,40 - 45 Deg. F. / > 30,EL CENTRO
Asclepias,fascicularis,,,ASFA,BowerRevised,40 - 45 Deg. F. / > 30,EL CENTRO
Asclepias,subulata,,,ASSU,BowerRevised,40 - 45 Deg. F. / > 30,EL CENTRO
Bebbia,juncea,,,BEJU,BowerRevised,40 - 45 Deg. F. / > 30,EL CENTRO
Calliandra,eriophylla,,,CAER,BowerRevised,40 - 45 Deg. F. / > 30,EL CENTRO
Camissonia,strigulosa,,,CAST20,BowerRevised,30 - 35 Deg. F. / 3 - 6,EL CENTRO
Ceanothus,perplexans,,,CEPE6,BowerRevised,30 - 35 Deg. F. / 3 - 6,EL CENTRO
Ceanothus,greggii,,,CEGR,BowerRevised,30 - 35 Deg. F. / 3 - 6,EL CENTRO
Chaenactis,artemisiifolia,,,CHAR,BowerRevised,30 - 35 Deg. F. / 3 - 6,EL CENTRO
Chaenactis,glabriuscula,,,CHGL,BowerRevised,30 - 35 Deg. F. / 3 - 6,EL CENTRO
Collinsia,concolor,,,COCO,BowerRevised,30 - 35 Deg. F. / 3 - 6,EL CENTRO
Condalia,globosa,var.,pubescens,COGLP,BowerRevised,40 - 45 Deg. F. / > 30,EL CENTRO
Cordylanthus,rigidus,,,CORI2,BowerRevised,30 - 35 Deg. F. / 3 - 6,EL CENTRO
Croton,californicus,,,CRCA5,BowerRevised,40 - 45 Deg. F. / > 30,EL CENTRO
Cryptantha,intermedia,,,CRIN8,BowerRevised,40 - 45 Deg. F. / > 30,EL CENTRO
Cryptantha,micrantha,,,CRMI,BowerRevised,40 - 45 Deg. F. / > 30,EL CENTRO
Cylindropuntia,ramosissima,,,CYRA9,BowerRevised,40 - 45 Deg. F. / > 30,EL CENTRO
Cylindropuntia,acanthocarpa,var.,acanthocarpa,CYACA2,BowerRevised,40 - 45 Deg. F. / > 30,EL CENTRO
Cylindropuntia,bigelovii,,,CYBI9,BowerRevised,40 - 45 Deg. F. / > 30,EL CENTRO
Dalea,mollis,,,DAMO,BowerRevised,40 - 45 Deg. F. / > 30,EL CENTRO
Dichelostemma,capitatum,,,DICA14,BowerRevised,30 - 35 Deg. F. / 3 - 6,EL CENTRO
Ephedra,californica,,,EPCA2,BowerRevised,40 - 45 Deg. F. / > 30,EL CENTRO
Ericameria,brachylepis,,,ERBR13,BowerRevised,30 - 35 Deg. F. / 3 - 6,EL CENTRO
Ericameria,linearifolia,,,ERLI6,BowerRevised,30 - 35 Deg. F. / 3 - 6,EL CENTRO
Eriogonum,fasciculatum,var.,polifolium,ERFAP,BowerRevised,30 - 35 Deg. F. / 3 - 6,EL CENTRO
Ferocactus,cylindraceus,,,FECY,BowerRevised,40 - 45 Deg. F. / > 30,EL CENTRO
Fouquieria,splendens,,,FOSP2,BowerRevised,40 - 45 Deg. F. / > 30,EL CENTRO
Fraxinus,velutina,,,FRVE2,BowerRevised,30 - 35 Deg. F. / 3 - 6,EL CENTRO
Geraea,canescens,,,GECA2,BowerRevised,40 - 45 Deg. F. / > 30,EL CENTRO
Heliotropium,curassavicum,,,HECU3,BowerRevised,40 - 45 Deg. F. / > 30,EL CENTRO
Hilaria,rigida,,,PLRI3,BowerRevised,40 - 45 Deg. F. / > 30,EL CENTRO
Hymenoclea,salsola,,,HYSA,BowerRevised,40 - 45 Deg. F. / > 30,EL CENTRO
Hyptis,emoryi,,,HYEM,BowerRevised,40 - 45 Deg. F. / > 30,EL CENTRO
Krameria,bicolor,,,KRGR,BowerRevised,40 - 45 Deg. F. / > 30,EL CENTRO
Larrea,tridentata,,,LATR2,BowerRevised,40 - 45 Deg. F. / > 30,EL CENTRO
Lasthenia,gracilis,,,LAGR10,BowerRevised,30 - 35 Deg. F. / 3 - 6,EL CENTRO
Layia,glandulosa,,,LAGL5,BowerRevised,40 - 45 Deg. F. / > 30,EL CENTRO
Lycium,andersonii,,,LYAN,BowerRevised,40 - 45 Deg. F. / > 30,EL CENTRO
Olneya,tesota,,,OLTE,BowerRevised,40 - 45 Deg. F. / > 30,EL CENTRO
Parkinsonia,florida,,,PAFL6,BowerRevised,40 - 45 Deg. F. / > 30,EL CENTRO
Peucephyllum,schottii,,,PESC4,BowerRevised,40 - 45 Deg. F. / > 30,EL CENTRO
Phacelia,cicutaria,var. ,hispida,PHCIH2,BowerRevised,30 - 35 Deg. F. / 3 - 6,EL CENTRO
Plantago,erecta,,,PLER3,BowerRevised,30 - 35 Deg. F. / 3 - 6,EL CENTRO
Plantago,ovata,,,PLOV,BowerRevised,40 - 45 Deg. F. / > 30,EL CENTRO
Prosopis,pubescens,,,PRPU,BowerRevised,40 - 45 Deg. F. / > 30,EL CENTRO
Prosopis,glandulosa,var.,torreyana,PRGLT,BowerRevised,40 - 45 Deg. F. / > 30,EL CENTRO
Psathyrotes,ramosissima,,,PSRA,BowerRevised,40 - 45 Deg. F. / > 30,EL CENTRO
Psorothamnus,schottii,,,PSSC5,BowerRevised,40 - 45 Deg. F. / > 30,EL CENTRO
Psorothamnus,spinosus,,,PSSP3,BowerRevised,40 - 45 Deg. F. / > 30,EL CENTRO
Salvia,columbariae,,,SACO6,BowerRevised,30 - 35 Deg. F. / 3 - 6,EL CENTRO
Senegalia,greggii,,,SEGR4,BowerRevised,40 - 45 Deg. F. / > 30,EL CENTRO
Sphaeralcea,ambigua,,,SPAM2,BowerRevised,40 - 45 Deg. F. / > 30,EL CENTRO
Abronia,villosa,,,ABVI,Desert SW provisional,"14, 18, 20, 21, 25, 30, 32, 33",EASTERN MOJAVE
Achnatherum,aridum,,,ACAR14,Desert SW provisional,20,EASTERN MOJAVE
Achnatherum,hymenoides,,,ACHY,Desert SW provisional,"14, 18, 20, 21, 25, 30, 32, 33",EASTERN MOJAVE
Achnatherum,speciosum,,,ACSP12,Desert SW provisional,"14, 18, 20, 21, 25, 30, 32, 33",EASTERN MOJAVE
Acmispon,rigidus,,,LORI3,Desert SW provisional,"14, 18, 20, 21, 25, 30, 32, 33",EASTERN MOJAVE
Acmispon,humistratus,,,LOHU2,Desert SW provisional,"14, 18, 20, 21, 25, 30, 32, 33",EASTERN MOJAVE
Acmispon,strigosus,,,LOST4,Desert SW provisional,"14, 18, 20, 21, 25, 30, 32, 33",EASTERN MOJAVE
Amaranthus,fimbriatus,,,AMFI,Desert SW provisional,"14, 18, 20, 21, 25, 30, 32, 33",EASTERN MOJAVE
Ambrosia,salsola,,,AMSA7,Desert SW provisional,20,EASTERN MOJAVE
Ambrosia,dumosa,,,AMDU2,Desert SW provisional,"14, 18, 20, 21, 25, 30, 32, 33",EASTERN MOJAVE
Amsinckia,tessellata,,,AMTE3,Desert SW provisional,20,EASTERN MOJAVE
Anisocoma,acaulis,,,ANAC,Desert SW provisional,"14, 18, 20, 21, 25, 30, 32, 33",EASTERN MOJAVE
Aristida,purpurea,,,ARPU9,Desert SW provisional,20,EASTERN MOJAVE
Asclepias,erosa,,,ASER2,Desert SW provisional,"14, 18, 20, 21, 25, 30, 32, 33",EASTERN MOJAVE
Asclepias,subulata,,,ASSU,Desert SW provisional,"14, 18, 20, 21, 25, 30, 32, 33",EASTERN MOJAVE
Astragalus,didymocarpus,,,ASDI3,Desert SW provisional,"14, 18, 20, 21, 25, 30, 32, 33",EASTERN MOJAVE
Astragalus,layneae,,,ASLA8,Desert SW provisional,"14, 18, 20, 21, 25, 30, 32, 33",EASTERN MOJAVE
Atriplex,canescens,,,ATCA2,Desert SW provisional,"14, 18, 20, 21, 25, 30, 32, 33",EASTERN MOJAVE
Atriplex,hymenelytra,,,ATHY,Desert SW provisional,"14, 18, 20, 21, 25, 30, 32, 33",EASTERN MOJAVE
Atriplex,lentiformis,,,ATLE,Desert SW provisional,"14, 18, 20, 21, 25, 30, 32, 33",EASTERN MOJAVE
Atriplex,polycarpa,,,ATPO,Desert SW provisional,20,EASTERN MOJAVE
Baileya,multiradiata,,,BAMU,Desert SW provisional,"14, 18, 20, 21, 25, 30, 32, 33",EASTERN MOJAVE
Bouteloua,aristidoides,,,BOAR,Desert SW provisional,"14, 18, 20, 21, 25, 30, 32, 33",EASTERN MOJAVE
Bouteloua,barbata,,,BOBA2,Desert SW provisional,"14, 18, 20, 21, 25, 30, 32, 33",EASTERN MOJAVE
Bouteloua,gracilis,,,BOGR2,Desert SW provisional,20,EASTERN MOJAVE
Chaenactis,fremontii,,,CHFR,Desert SW provisional,"14, 18, 20, 21, 25, 30, 32, 33",EASTERN MOJAVE
Chilopsis,linearis,,,CHLI2,Desert SW provisional,"14, 18, 20, 21, 25, 30, 32, 33",EASTERN MOJAVE
Chylismia,brevipes,,,CABR23,Desert SW provisional,"14, 18, 20, 21, 25, 30, 32, 33",EASTERN MOJAVE
Chylismia,claviformis,,,CACL4,Desert SW provisional,"14, 18, 20, 21, 25, 30, 32, 33",EASTERN MOJAVE
Coleogyne,ramosissima,,,CORA,Desert SW provisional,"14, 18, 20, 21, 25, 30, 32, 33",EASTERN MOJAVE
Cryptantha,micrantha,,,CRMI,Desert SW provisional,"14, 18, 20, 21, 25, 30, 32, 33",EASTERN MOJAVE
Cryptantha,nevadensis,,,CRNE2,Desert SW provisional,"14, 18, 20, 21, 25, 30, 32, 33",EASTERN MOJAVE
Dasyochloa,pulchella,,,DAPU7,Desert SW provisional,"14, 18, 20, 21, 25, 30, 32, 33",EASTERN MOJAVE
Descurainia,pinnata,,,DEPI,Desert SW provisional,20,EASTERN MOJAVE
Echinocereus,engelmannii,,,ECEN,Desert SW provisional,"14, 18, 20, 21, 25, 30, 32, 33",EASTERN MOJAVE
Elymus,elymoides,,,ELEL5,Desert SW provisional,20,EASTERN MOJAVE
Encelia,actoni,,,ENAC,Desert SW provisional,"14, 18, 20, 21, 25, 30, 32, 33",EASTERN MOJAVE
Encelia,farinosa,,,ENFA,Desert SW provisional,"14, 18, 20, 21, 25, 30, 32, 33",EASTERN MOJAVE
Encelia,virginensis,,,ENVI,Desert SW provisional,"14, 18, 20, 21, 25, 30, 32, 33",EASTERN MOJAVE
Ephedra,nevadensis,,,EPNE,Desert SW provisional,20,EASTERN MOJAVE
Eremothera,refracta,,,CARE2,Desert SW provisional,"14, 18, 20, 21, 25, 30, 32, 33",EASTERN MOJAVE
Ericameria,cooperi,,,ERCO23,Desert SW provisional,"14, 18, 20, 21, 25, 30, 32, 33",EASTERN MOJAVE
Ericameria,laricifolia,,,ERLA12,Desert SW provisional,20,EASTERN MOJAVE
Eriogonum,fasciculatum,,,ERFA2,Desert SW provisional,"14, 18, 20, 21, 25, 30, 32, 33",EASTERN MOJAVE
Eriogonum,inflatum,,,ERIN4,Desert SW provisional,"14, 18, 20, 21, 25, 30, 32, 33",EASTERN MOJAVE
Euphorbia,albomarginata,,,EUAL4,Desert SW provisional,"14, 18, 20, 21, 25, 30, 32, 33",EASTERN MOJAVE
Euphorbia,micromera,,,EUMI3,Desert SW provisional,"14, 18, 20, 21, 25, 30, 32, 33",EASTERN MOJAVE
Euphorbia,polycarpa,,,EUPO3,Desert SW provisional,"14, 18, 20, 21, 25, 30, 32, 33",EASTERN MOJAVE
Fraxinus,anomala,,,FRAN2,Desert SW provisional,"14, 18, 20, 21, 25, 30, 32, 33",EASTERN MOJAVE
Fraxinus,velutina,,,FRVE2,Desert SW provisional,"14, 18, 20, 21, 25, 30, 32, 33",EASTERN MOJAVE
Gutierrezia,microcephala,,,GUMI,Desert SW provisional,20,EASTERN MOJAVE
Pleuraphis,jamesii,,,PLJA,Desert SW provisional,"14, 18, 20, 21, 25, 30, 32, 33",EASTERN MOJAVE
Hilaria,rigida,,,HIRI,Desert SW provisional,"14, 18, 20, 21, 25, 30, 32, 33",EASTERN MOJAVE
Krameria,bicolor,,,KRGR,Desert SW provisional,"14, 18, 20, 21, 25, 30, 32, 33",EASTERN MOJAVE
Krameria,erecta,,,KRER,Desert SW provisional,"14, 18, 20, 21, 25, 30, 32, 33",EASTERN MOJAVE
Krascheninnikovia,lanata,,,KRLA2,Desert SW provisional,20,EASTERN MOJAVE
Larrea,tridentata,,,LATR2,Desert SW provisional,"14, 18, 20, 21, 25, 30, 32, 33",EASTERN MOJAVE
Lepidium,fremontii,,,LEFR2,Desert SW provisional,"14, 18, 20, 21, 25, 30, 32, 33",EASTERN MOJAVE
Lepidium,lasiocarpum,,,LELA,Desert SW provisional,"14, 18, 20, 21, 25, 30, 32, 33",EASTERN MOJAVE
Lomatium,parryi,,,LOPA,Desert SW provisional,20,EASTERN MOJAVE
Lupinus,arizonicus,,,LUAR4,Desert SW provisional,"14, 18, 20, 21, 25, 30, 32, 33",EASTERN MOJAVE
Lupinus,odoratus,,,LUOD,Desert SW provisional,"14, 18, 20, 21, 25, 30, 32, 33",EASTERN MOJAVE
Lycium,andersonii,,,LYAN,Desert SW provisional,"14, 18, 20, 21, 25, 30, 32, 33",EASTERN MOJAVE
Lycium,cooperi,,,LYCO2,Desert SW provisional,"14, 18, 20, 21, 25, 30, 32, 33",EASTERN MOJAVE
Lycium,pallidum,,,LYPA,Desert SW provisional,"14, 18, 20, 21, 25, 30, 32, 33",EASTERN MOJAVE
Malacothrix,glabrata,,,MAGL3,Desert SW provisional,"14, 18, 20, 21, 25, 30, 32, 33",EASTERN MOJAVE
Menodora,spinescens,,,MESP2,Desert SW provisional,20,EASTERN MOJAVE
Mentzelia,affinis,,,MEAF2,Desert SW provisional,"14, 18, 20, 21, 25, 30, 32, 33",EASTERN MOJAVE
Mirabilis,laevis,,,MILA6,Desert SW provisional,"14, 18, 20, 21, 25, 30, 32, 33",EASTERN MOJAVE
Muhlenbergia,porteri,,,MUPO2,Desert SW provisional,"14, 18, 20, 21, 25, 30, 32, 33",EASTERN MOJAVE
Nicotiana,attenuata,,,NIAT,Desert SW provisional,"14, 18, 20, 21, 25, 30, 32, 33",EASTERN MOJAVE
Oenothera,caespitosa,,,OECA10,Desert SW provisional,"14, 18, 20, 21, 25, 30, 32, 33",EASTERN MOJAVE
Oenothera,deltoides,,,OEDE2,Desert SW provisional,"14, 18, 20, 21, 25, 30, 32, 33",EASTERN MOJAVE
Oenothera,primiveris,,,OEPR,Desert SW provisional,"14, 18, 20, 21, 25, 30, 32, 33",EASTERN MOJAVE
Opuntia,basilaris,,,OPBA2,Desert SW provisional,"14, 18, 20, 21, 25, 30, 32, 33",EASTERN MOJAVE
Oxystylis,lutea,,,OXLU,Desert SW provisional,"14, 18, 20, 21, 25, 30, 32, 33",EASTERN MOJAVE
Pectis,papposa,,,PEPA2,Desert SW provisional,"14, 18, 20, 21, 25, 30, 32, 33",EASTERN MOJAVE
Penstemon,palmeri,,,PEPA8,Desert SW provisional,20,EASTERN MOJAVE
Peritoma,arborea,,,CLIS,Desert SW provisional,"14, 18, 20, 21, 25, 30, 32, 33",EASTERN MOJAVE
Phacelia,crenulata,,,PHCR,Desert SW provisional,"14, 18, 20, 21, 25, 30, 32, 33",EASTERN MOJAVE
Phacelia,distans,,,PHDI,Desert SW provisional,"14, 18, 20, 21, 25, 30, 32, 33",EASTERN MOJAVE
Phacelia,fremontii,,,PHFR2,Desert SW provisional,20,EASTERN MOJAVE
Picrothamnus,desertorum,,,PIDE4,Desert SW provisional,20,EASTERN MOJAVE
Plantago,ovata,,,PLOV,Desert SW provisional,"14, 18, 20, 21, 25, 30, 32, 33",EASTERN MOJAVE
Prosopis,glandulosa,,,PRGL2,Desert SW provisional,"14, 18, 20, 21, 25, 30, 32, 33",EASTERN MOJAVE
Prosopis,pubescens,,,PRPU,Desert SW provisional,"14, 18, 20, 21, 25, 30, 32, 33",EASTERN MOJAVE
Psorothamnus,fremontii,,,PSFR,Desert SW provisional,20,EASTERN MOJAVE
Purshia,glandulosa,,,PUGL2,Desert SW provisional,20,EASTERN MOJAVE
Salazaria,mexicana,,,SAME,Desert SW provisional,"14, 18, 20, 21, 25, 30, 32, 33",EASTERN MOJAVE
Salvia,columbariae,,,SACO6,Desert SW provisional,"14, 18, 20, 21, 25, 30, 32, 33",EASTERN MOJAVE
Senna,armata,,,SEAR8,Desert SW provisional,"14, 18, 20, 21, 25, 30, 32, 33",EASTERN MOJAVE
Sphaeralcea,ambigua,,,SPAM2,Desert SW provisional,"14, 18, 20, 21, 25, 30, 32, 33",EASTERN MOJAVE
Sphaeralcea,angustifolia,,,SPAN3,Desert SW provisional,"14, 18, 20, 21, 25, 30, 32, 33",EASTERN MOJAVE
Stephanomeria,exigua,,,STEX,Desert SW provisional,"14, 18, 20, 21, 25, 30, 32, 33",EASTERN MOJAVE
Stephanomeria,parryi,,,STPA3,Desert SW provisional,"14, 18, 20, 21, 25, 30, 32, 33",EASTERN MOJAVE
Stephanomeria,pauciflora,,,SPTA4,Desert SW provisional,"14, 18, 20, 21, 25, 30, 32, 33",EASTERN MOJAVE
Vulpia,octoflora,,,VUOC,Desert SW provisional,20,EASTERN MOJAVE
Xylorhiza,tortifolia,,,XYTO2,Desert SW provisional,"14, 18, 20, 21, 25, 30, 32, 33",EASTERN MOJAVE
Yucca,jaegeriana,,,YUBRJ,Desert SW provisional,"14, 18, 20, 21, 25, 30, 32, 33",EASTERN MOJAVE
Yucca,schidigera,,,YUSC2,Desert SW provisional,20,EASTERN MOJAVE
Abronia,villosa,,,ABVI,Desert SW provisional,"26, 27, 28, 29, 32, 34, 35",SNDO
Achnatherum,hymenoides,,,ACHY,Desert SW provisional,"26, 27, 28, 29, 32, 34, 35",SNDO
Achnatherum,speciosum,,,ACSP,Desert SW provisional,"26, 27, 28, 29, 32, 34, 35",SNDO
Acmispon,humistratus,,,LOHU2,Desert SW provisional,"26, 27, 28, 29, 32, 34, 35",SNDO
Acmispon,rigidus,,,LORI3,Desert SW provisional,"26, 27, 28, 29, 32, 34, 35",SNDO
Acmispon,strigosus,,,LOST4,Desert SW provisional,"26, 27, 28, 29, 32, 34, 35",SNDO
Amaranthus,fimbriatus,,,AMFI,Desert SW provisional,"26, 27, 28, 29, 32, 34, 35",SNDO
Ambrosia,dumosa,,,AMDU2,Desert SW provisional,"20, 21, 23, 25, 27, 28, 32, 34, 35",SNDO
Ambrosia,salsola,,,HYSAF,Desert SW provisional,"20, 21, 23, 25, 27, 28, 32, 34, 35",SNDO
Amsinckia,tessellata,,,AMTE3,Desert SW provisional,"26, 27, 28, 29, 32, 34, 35",SNDO
Anisocoma,acaulis,,,ANAC,Desert SW provisional,"26, 27, 28, 29, 32, 34, 35",SNDO
Asclepias,erosa,,,ASER,Desert SW provisional,"20, 21, 23, 25, 27, 28, 32, 34, 35",SNDO
Aslcepias,subulata,,,ASSU,Desert SW provisional,"26, 27, 28, 29, 32, 34, 35",SNDO
Astragalus,didymocarpus,,,ASDI3,Desert SW provisional,"26, 27, 28, 29, 32, 34, 35",SNDO
Astragalus,layneae,,,ASLA8,Desert SW provisional,"26, 27, 28, 29, 32, 34, 35",SNDO
Atriplex,canescens,,,ATCA2,Desert SW provisional,"26, 27, 28, 29, 32, 34, 35",SNDO
Atriplex,hymenelytra,,,ATHY,Desert SW provisional,"26, 27, 28, 29, 32, 34, 35",SNDO
Atriplex,lentiformis,,,ATLE,Desert SW provisional,"26, 27, 28, 29, 32, 34, 35",SNDO
Atriplex,polycarpa,,,ATPO,Desert SW provisional,"20, 21, 23, 24, 25, 26, 27, 28, 29, 32, 34, 35",SNDO
Baileya,multiradiata,,,BAMU,Desert SW provisional,"26, 27, 28, 29, 32, 34, 35",SNDO
Bouteloua,aristidoides,,,BOAR,Desert SW provisional,"26, 27, 28, 29, 32, 34, 35",SNDO
Bouteloua,barbata,,,BOBA2,Desert SW provisional,"26, 27, 28, 29, 32, 34, 35",SNDO
Chaenactis,fremontii,,,CHFR,Desert SW provisional,"26, 27, 28, 29, 32, 34, 35",SNDO
Chilopsis,linearis,,,CHLI2,Desert SW provisional,"20, 21, 23, 24, 25, 26, 27, 28, 29, 32, 34, 35",SNDO
Chylismia,brevipes,,,CABR23,Desert SW provisional,"26, 27, 28, 29, 32, 34, 35",SNDO
Chylismia,claviformis,,,CACL4,Desert SW provisional,"24, 26, 28, 29",SNDO
Coleogyne,ramosissima,,,CORA,Desert SW provisional,"20, 21, 23, 24, 25, 26, 27, 28, 29, 32, 34, 35",SNDO
Cryptantha,micrantha,,,CRMI,Desert SW provisional,"26, 27, 28, 29, 32, 34, 35",SNDO
Cryptantha,nevadensis,,,CRNE2,Desert SW provisional,"26, 27, 28, 29, 32, 34, 35",SNDO
Dasyochloa,pulchella,,,DAPU7,Desert SW provisional,"26, 27, 28, 29, 32, 34, 35",SNDO
Descurainia,pinnata,,,DEPI,Desert SW provisional,"26, 27, 28, 29, 32, 34, 35",SNDO
Echinocereus,engelmannii,,,ECEN,Desert SW provisional,"26, 27, 28, 29, 32, 34, 35",SNDO
Encelia,actonii,,,ENAC,Desert SW provisional,"26, 27, 28, 29, 32, 34, 35",SNDO
Encelia,farinosa,,,ENFA,Desert SW provisional,"26, 27, 28, 29, 32, 34, 35",SNDO
Ephedra,nevadensis,,,EPNE,Desert SW provisional,"20, 21, 23, 24, 25, 26, 27, 28, 29, 32, 34, 35",SNDO
Ephedra,virginensis,,,,Desert SW provisional,"26, 27, 28, 29, 32, 34, 35",SNDO
Eremothera,refracta,,,CARE2,Desert SW provisional,"26, 27, 28, 29, 32, 34, 35",SNDO
Ericameria,cooperi,,,ERCO23,Desert SW provisional,"26, 27, 28, 29, 32, 34, 35",SNDO
Eriogonum,fasciculatum,,,ERFA2,Desert SW provisional,"24, 26, 28, 29",SNDO
Eriogonum,inflatum,,,ERIN4,Desert SW provisional,"26, 27, 28, 29, 32, 34, 35",SNDO
Euphorbia,albomarginata,,,EUAL4,Desert SW provisional,"26, 27, 28, 29, 32, 34, 35",SNDO
Euphorbia,polycarpa,,,EUPO3,Desert SW provisional,"26, 27, 28, 29, 32, 34, 35",SNDO
Fraxinus,anomala,,,FRAN2,Desert SW provisional,"26, 27, 28, 29, 32, 34, 35",SNDO
Fraxinus,velutina,,,FRVE2,Desert SW provisional,"26, 27, 28, 29, 32, 34, 35",SNDO
Gutierrezia,microcephala,,,GUMI,Desert SW provisional,"26, 27, 28, 29, 32, 34, 35",SNDO
Pleuraphis,jamesii,,,PLJA,Desert SW provisional,"26, 27, 28, 29, 32, 34, 35",SNDO
Hilaria,rigida,,,HIRO,Desert SW provisional,"20, 21, 23, 24, 25, 26, 27, 28, 29, 32, 34, 35",SNDO
Krameria,bicolor,,,KRGR,Desert SW provisional,"26, 27, 28, 29, 32, 34, 35",SNDO
Krameria,erecta,,,KRER,Desert SW provisional,"26, 27, 28, 29, 32, 34, 35",SNDO
Larrea,tridentata,,,LATR2,Desert SW provisional,"20, 21, 25, 27, 28, 32, 34, 35",SNDO
Lepidium,fremontii,,,LEFR2,Desert SW provisional,"26, 27, 28, 29, 32, 34, 35",SNDO
Lepidium,lasiocarpum,,,LELA,Desert SW provisional,"26, 27, 28, 29, 32, 34, 35",SNDO
Lomatium,parryi,,,LOPA,Desert SW provisional,"26, 27, 28, 29, 32, 34, 35",SNDO
Lupinus,arizonicus,,,LUAR4,Desert SW provisional,"26, 27, 28, 29, 32, 34, 35",SNDO
Lupinus,odoratus,,,LUOD,Desert SW provisional,"26, 27, 28, 29, 32, 34, 35",SNDO
Lycium,andersonii,,,LYAN,Desert SW provisional,"20, 21, 23, 24, 25, 26, 27, 28, 29, 32, 34, 35",SNDO
Lycium,cooperi,,,LYCO2,Desert SW provisional,"20, 21, 23, 24, 25, 26, 27, 28, 29, 32, 34, 35",SNDO
Lycium,pallidum,,,LYPA,Desert SW provisional,"26, 27, 28, 29, 32, 34, 35",SNDO
Malacothrix,glabrata,,,MAGL3,Desert SW provisional,"26, 27, 28, 29, 32, 34, 35",SNDO
Mirabilis,laevis,,,MILA6,Desert SW provisional,"26, 27, 28, 29, 32, 34, 35",SNDO
Menodora,spinescens,,,MESP2,Desert SW provisional,"26, 27, 28, 29, 32, 34, 35",SNDO
Mentzelia,affinis,,,MEAF2,Desert SW provisional,"26, 27, 28, 29, 32, 34, 35",SNDO
Muhlenbergia,porteri,,,MUPO2,Desert SW provisional,"26, 27, 28, 29, 32, 34, 35",SNDO
Nicotiana,attenuata,,,NIAT,Desert SW provisional,"26, 27, 28, 29, 32, 34, 35",SNDO
Oenothera,caespitosa,,,OECA10,Desert SW provisional,"26, 27, 28, 29, 32, 34, 35",SNDO
Oenothera,deltoides,,,OEDE2,Desert SW provisional,"26, 27, 28, 29, 32, 34, 35",SNDO
Oenothera,primiveris,,,OEPR,Desert SW provisional,"26, 27, 28, 29, 32, 34, 35",SNDO
Opuntia,basilaris,,,OPBA2,Desert SW provisional,"26, 27, 28, 29, 32, 34, 35",SNDO
Pectis,papposa,,,PEPA2,Desert SW provisional,"26, 27, 28, 29, 32, 34, 35",SNDO
Penstemon,palmeri,,,PEPA8,Desert SW provisional,"26, 27, 28, 29, 32, 34, 35",SNDO
Peritoma,arborea,,,CLIS,Desert SW provisional,"26, 27, 28, 29, 32, 34, 35",SNDO
Phacelia,crenulata,,,PHCR,Desert SW provisional,"26, 27, 28, 29, 32, 34, 35",SNDO
Phacelia,distans,,,PHDI,Desert SW provisional,"26, 27, 28, 29, 32, 34, 35",SNDO
Pleuraphis,jamesii,,,PLJA,Desert SW provisional,"26, 27, 28, 29, 32, 34, 35",SNDO
Plantago,ovata,,,PLOV,Desert SW provisional,"26, 27, 28, 29, 32, 34, 35",SNDO
Prosopis,glandulosa,,,PRGL2,Desert SW provisional,"26, 27, 28, 29, 32, 34, 35",SNDO
Prosopis,pubescens,,,PRPU,Desert SW provisional,"20, 21, 23, 24, 25, 26, 27, 28, 29, 32, 34, 35",SNDO
Psorothamnus,fremontii,,,PSFR,Desert SW provisional,"26, 27, 28, 29, 32, 34, 35",SNDO
Salazaria,mexicana,,,SAME,Desert SW provisional,"26, 27, 28, 29, 32, 34, 35",SNDO
Salvia,columbariae,,,SACO6,Desert SW provisional,"20, 21, 23, 24, 25, 26, 27, 28, 29, 32, 34, 35",SNDO
Senna,armata,,,SEAR8,Desert SW provisional,"26, 27, 28, 29, 32, 34, 35",SNDO
Sphaeralcea,ambigua,,,SPAM2,Desert SW provisional,"26, 27, 28, 29, 32, 34, 35",SNDO
Sphaeralcea,angustifolia,,,SPAN3,Desert SW provisional,"26, 27, 28, 29, 32, 34, 35",SNDO
Stephanomeria,exigua,,,STEX,Desert SW provisional,"20, 21, 23, 24, 25, 26, 27, 28, 29, 32, 34, 35",SNDO
Stephanomeria,parryi,,,STPA3,Desert SW provisional,"20, 21, 23, 24, 25, 26, 27, 28, 29, 32, 34, 35",SNDO
Stephanomeria,pauciflora,,,STPA4,Desert SW provisional,"20, 21, 23, 24, 25, 26, 27, 28, 29, 32, 34, 35",SNDO
Vulpia,octoflora,,,VUOC,Desert SW provisional,"26, 27, 28, 29, 32, 34, 35",SNDO
Xylorhiza,tortifolia,,,XYTO2,Desert SW provisional,"26, 27, 28, 29, 32, 34, 35",SNDO
Yucca,brevifolia,,,YUBR,Desert SW provisional,"26, 27, 28, 29, 32, 34, 35",SNDO
Yucca,jaegeriana,,,YUBRJ,Desert SW provisional,"26, 27, 28, 29, 32, 34, 35",SNDO
Yucca,schidigera,,,YUSC2,Desert SW provisional,"26, 27, 28, 29, 32, 34, 35",SNDO
Achnatherum,hymenoides,,,ACHY,Empirical Seed Transfer Zone ,"M1L2H3, M1H2H3 ",ARIZONA STRIP
Aristida,purpurea,,,ARPU9,Desert SW provisional,5,ARIZONA STRIP
Artemisia,tridentata,,,ARTR,Desert SW provisional,5,ARIZONA STRIP
Atriplex,canescens,,,ATCA2,Desert SW provisional,5,ARIZONA STRIP
Bouteloua,curtipendula,,,BOCU,Desert SW provisional,5,ARIZONA STRIP
Bouteloua,eriopoda,,,BOER4,Desert SW provisional,5,ARIZONA STRIP
Bouteloua,gracilis,,,BOGR2,Climate Similarity Zone ,"3, 6 ",ARIZONA STRIP
Cleome,lutea,,,CLLU2,Genetic Seed Transfer Zone ,4,ARIZONA STRIP
Purshia,stansburiana,,,PUST,Desert SW provisional,5,ARIZONA STRIP
Elymus,elymoides,,,ELEL5,Climate Similarity Zone ,"1, 2, 5, 6 ",ARIZONA STRIP
Elymus,trachycaulus,,,ELTR7,Desert SW provisional,5,ARIZONA STRIP
Eriogonum,inflatum,,,ERIN4,Desert SW provisional,5,ARIZONA STRIP
Eriogonum,racemosum,,,ERRA3,Desert SW provisional,5,ARIZONA STRIP
Eriogonum,ovalifolium,,,EROV,Desert SW provisional,5,ARIZONA STRIP
Festuca,idahoensis,,,FEID,Desert SW provisional,5,ARIZONA STRIP
Grayia,spinosa,,,GRSP,Desert SW provisional,5,ARIZONA STRIP
Heliomeris,multiflora,,,HEMU3,Climate Similarity Zone ,3,ARIZONA STRIP
Hesperostipa,comata,,,HECO26,Desert SW provisional,5,ARIZONA STRIP
Hilaria,jamesii,,,PLJA,Genetic Seed Transfer Zone ,8,ARIZONA STRIP
Hilaria,rigida,,,PLRI3,Desert SW provisional,5,ARIZONA STRIP
Krascheninnikovia,lanata,,,KRLA2,Desert SW provisional,5,ARIZONA STRIP
Leymus,cinereus,,,LECI4,Desert SW provisional,5,ARIZONA STRIP
Lupinus,argenteus,,,LUAR3,Desert SW provisional,5,ARIZONA STRIP
Lupinus,caudatus,,,LUCA,Desert SW provisional,5,ARIZONA STRIP
Machaeranthera,canescens,,,DICA18,Climate Similarity Zone ,1,ARIZONA STRIP
Muhlenbergia,porteri,,,MUPO2,Desert SW provisional,5,ARIZONA STRIP
Muhlenbergia,richardsonis,,,MURI,Desert SW provisional,5,ARIZONA STRIP
Muhlenbergia,torreyi,,,MUTO2,Desert SW provisional,5,ARIZONA STRIP
Nicotiana,attenuata,,,NIAT,Desert SW provisional,5,ARIZONA STRIP
Pascopyrum,smithii,,,PASM,Desert SW provisional,5,ARIZONA STRIP
Penstemon,palmeri,,,PEPA8,Desert SW provisional,5,ARIZONA STRIP
Penstemon,parryi,,,PEPA24,Desert SW provisional,5,ARIZONA STRIP
Poa,secunda,,,POSE,Desert SW provisional,5,ARIZONA STRIP
Purshia,glandulosa,,,PUGL2,Desert SW provisional,5,ARIZONA STRIP
Purshia,stansburiana,,,PUST,Desert SW provisional,5,ARIZONA STRIP
Purshia,tridentata,,,PUTR2,Desert SW provisional,5,ARIZONA STRIP
Ribes,cereum,,,RICE,Desert SW provisional,5,ARIZONA STRIP
Scleropogon,brevifolius,,,SCBR2,Desert SW provisional,5,ARIZONA STRIP
Sphaeralcea,ambigua,,,SPAM2,Desert SW provisional,5,ARIZONA STRIP
Sphaeralcea,rusbyi,,,SPRU2,Desert SW provisional,5,ARIZONA STRIP
Sporobolus,cryptandrus,,,SPCO4,Genetic Seed Transfer Zone ,"2, 3 ",ARIZONA STRIP
