Contract,FO1,FO2,FO3,FO4,FO5
El Centro - P102035,El Centro,,,,
Redding - P102077,Redding,,,,
Bishop - P102079,Bishop,,,,
NE California - P102043,Applegate,Eagle Lake,,,
Cosumnes River Preserve - P102083,Mother Lode,,,,
Ukiah - P102078,Ukiah,,,,
Eastern Mojave - P102073,St. George,Caliente,Kingman,Arizona Strip,
SNDO - P0203-015,Las Vegas,Pahrump,Red Rock/Sloan,,
Cedar City - P102081,Cedar City,,,,
Grand Junction - P102084,Grand Junction,,,,
Price - P102072,Price,,,,
Uncompahgre - P102085,Uncompahgre,,,,
Vernal - P102086,Vernal,,,,
AZ Strip - P102075,Arizona Strip,St. George,,,
Mojave – Senior Botanist,Eastern Mojave - P102073,El Centro - P102035,Cedar City - P102081,AZ Strip - P102075,SNDO - P0203-015
California – Senior Botanist,Redding - P102077,Bishop - P102079,Cosumnes River Preserve - P102083,Ukiah - P102078,NE California - P102043
Plateau – Senior Botanist,Uncompahgre - P102085,Price - P102072,Vernal - P102086,Grand Junction - P102084,
